fiscal_year,yearly_gross_sales
2019,6.85320124
2020,21.37041018
2021,21.93643461
